country_of_residence,estimate,rank
South Africa,112681,1
Zimbabwe,9720,2
Egypt,2627,3
Kenya,2519,4
Ethiopia,2018,5
Nigeria,1892,6
Botswana,1136,7
Zambia,1051,8
Mauritius,922,9
Ghana,908,10
Tanzania,791,11
Somalia,716,12
Namibia,711,13
Uganda,657,14
Sudan,623,15
Malawi,418,16
Morocco,337,17
Libya,233,18
Seychelles,232,19
Algeria,231,20
Rwanda,210,21
Mozambique,180,22
Tunisia,147,23
Gabon,143,24
Cameroon,118,25
Angola,116,26
Congo,110,27
Eritrea,104,28
Chad,98,29
Mali,89,30
Burundi,86,31
Madagascar,82,32
Guinea,82,33
Gambia,80,34
Senegal,72,35
Sierra Leone,68,36
Liberia,56,37
Burkina Faso,56,38
Niger,54,39
Lesotho,51,40
Benin,50,41
South Sudan,39,42
Djibouti,37,43
Togo,29,44
Cote d'Ivoire,28,45
Equatorial Guinea,21,46
Comoros,8,47
Cabo Verde,8,48
Mauritania,5,49
Central African Republic,2,50
Sao Tome and Principe,1,51
