year,nigeria,west_africa,africa,world,nigeria_share_west_africa_pct,nigeria_share_africa_pct,nigeria_share_world_pct
2001,35.0,82.0,7233,327791,42.68292682926829,0.4838932669708282,0.010677535380776166
2002,48.0,70.0,7639,384431,68.57142857142857,0.6283544966618667,0.012485985781583692
2003,43.0,100.0,5761,345852,43.0,0.7463981947578546,0.012433063853902826
2004,41.0,82.0,4463,296128,50.0,0.9186645753977145,0.013845364166846768
2005,43.0,86.0,4981,299338,50.0,0.8632804657699257,0.014365032170990654
2006,51.0,90.0,5315,320005,56.666666666666664,0.9595484477892756,0.01593725098045343
2007,33.0,76.0,6482,327733,43.42105263157895,0.5091021289725394,0.010069172161485111
2008,58.0,110.0,8977,347711,52.72727272727272,0.6460955775871673,0.01668051916677931
2009,32.0,72.0,4210,313048,44.44444444444444,0.7600950118764845,0.01022207457003399
2010,35.0,73.0,2865,289773,47.94520547945205,1.2216404886561953,0.012078420004624309
2011,43.0,75.0,2637,288470,57.333333333333336,1.6306408797876375,0.014906229417270428
2012,47.0,86.0,2520,291738,54.65116279069767,1.8650793650793651,0.016110345584051444
2013,35.0,82.0,2720,316641,42.68292682926829,1.2867647058823528,0.011053527496439185
2014,66.0,118.0,3121,370506,55.932203389830505,2.1147068247356615,0.017813476704830692
2015,78.0,113.0,4118,406880,69.02654867256636,1.8941233608547838,0.019170271333071174
2016,94.0,165.0,6470,416798,56.96969696969697,1.4528593508500771,0.022552891328653207
2017,111.0,173.0,6652,408988,64.16184971098265,1.6686710763680095,0.027140160591508797
2018,78.0,137.0,7763,405329,56.934306569343065,1.0047661986345486,0.01924362678219422
2019,94.0,176.0,12906,483668,53.40909090909091,0.7283434061676739,0.019434818925378565
2020,30.0,91.0,4527,271037,32.967032967032964,0.6626905235255135,0.011068599490106516
2021,31.0,68.0,1431,163192,45.588235294117645,2.166317260656883,0.018996029217118487
2022,58.0,155.0,6547,350657,37.41935483870968,0.8859019398197647,0.016540379915415918
2023,236.0,514.0,10435,673730,45.91439688715953,2.261619549592717,0.03502886913155121
2024,238.0,354.0,5367,414251,67.2316384180791,4.434507173467487,0.05745309003478568
2025,207.0,287.0,3233,380843,72.12543554006969,6.402721930095886,0.05435310613559919
