year_month,nigeria,west_africa,africa,world
2001-01-01,2.0,7.0,631,29942
2001-02-01,7.0,9.0,744,29845
2001-03-01,,2.0,509,22570
2001-04-01,2.0,7.0,537,21943
2001-05-01,2.0,4.0,504,19343
2001-06-01,1.0,3.0,482,22322
2001-07-01,1.0,5.0,646,28275
2001-08-01,6.0,17.0,553,25406
2001-09-01,6.0,13.0,579,29740
2001-10-01,2.0,4.0,673,30236
2001-11-01,3.0,4.0,892,32702
2001-12-01,3.0,7.0,483,35467
2002-01-01,,3.0,760,39939
2002-02-01,3.0,5.0,820,34391
2002-03-01,4.0,6.0,759,31398
2002-04-01,3.0,4.0,619,26878
2002-05-01,4.0,7.0,511,23993
2002-06-01,7.0,9.0,527,27366
2002-07-01,2.0,6.0,651,32428
2002-08-01,8.0,8.0,654,30733
2002-09-01,,,523,32773
2002-10-01,,1.0,544,31762
2002-11-01,8.0,10.0,725,34936
2002-12-01,9.0,11.0,546,37834
2003-01-01,8.0,9.0,606,40671
2003-02-01,8.0,20.0,817,34881
2003-03-01,1.0,3.0,559,28827
2003-04-01,4.0,4.0,350,24694
2003-05-01,5.0,15.0,401,22026
2003-06-01,5.0,6.0,405,23503
2003-07-01,2.0,2.0,325,28893
2003-08-01,6.0,16.0,587,25654
2003-09-01,1.0,5.0,392,27038
2003-10-01,2.0,4.0,472,26823
2003-11-01,1.0,12.0,431,28468
2003-12-01,,4.0,416,34374
2004-01-01,1.0,2.0,373,33703
2004-02-01,7.0,9.0,489,28129
2004-03-01,2.0,7.0,379,21155
2004-04-01,1.0,8.0,255,19500
2004-05-01,1.0,4.0,366,18830
2004-06-01,3.0,10.0,340,20059
2004-07-01,1.0,6.0,305,24304
2004-08-01,2.0,4.0,306,21857
2004-09-01,12.0,17.0,342,24524
2004-10-01,3.0,5.0,402,24089
2004-11-01,5.0,5.0,574,26192
2004-12-01,3.0,5.0,332,33786
2005-01-01,5.0,6.0,420,31641
2005-02-01,3.0,6.0,485,27275
2005-03-01,1.0,13.0,512,21583
2005-04-01,8.0,11.0,314,21468
2005-05-01,,3.0,419,20045
2005-06-01,4.0,8.0,397,20824
2005-07-01,2.0,7.0,428,23627
2005-08-01,8.0,11.0,383,22909
2005-09-01,5.0,10.0,398,25576
2005-10-01,5.0,7.0,430,24837
2005-11-01,,1.0,424,25581
2005-12-01,2.0,3.0,371,33972
2006-01-01,1.0,3.0,508,31598
2006-02-01,3.0,9.0,456,29210
2006-03-01,4.0,13.0,462,23522
2006-04-01,2.0,3.0,368,21732
2006-05-01,3.0,5.0,401,19658
2006-06-01,1.0,4.0,397,22003
2006-07-01,9.0,10.0,403,26619
2006-08-01,8.0,10.0,481,24987
2006-09-01,6.0,12.0,454,28100
2006-10-01,3.0,3.0,361,27104
2006-11-01,3.0,4.0,543,29943
2006-12-01,8.0,14.0,481,35529
2007-01-01,9.0,16.0,536,32891
2007-02-01,3.0,7.0,542,30712
2007-03-01,4.0,6.0,594,25973
2007-04-01,2.0,8.0,437,22348
2007-05-01,3.0,5.0,498,20760
2007-06-01,3.0,4.0,473,23300
2007-07-01,2.0,7.0,462,25771
2007-08-01,5.0,11.0,639,27088
2007-09-01,1.0,2.0,496,28294
2007-10-01,1.0,7.0,529,26842
2007-11-01,,1.0,682,29548
2007-12-01,,2.0,594,34206
2008-01-01,6.0,7.0,728,32186
2008-02-01,5.0,7.0,888,34896
2008-03-01,4.0,9.0,802,26683
2008-04-01,2.0,4.0,814,24506
2008-05-01,2.0,3.0,808,24739
2008-06-01,6.0,8.0,801,25695
2008-07-01,3.0,7.0,618,29830
2008-08-01,3.0,9.0,824,28383
2008-09-01,6.0,14.0,684,28036
2008-10-01,8.0,13.0,614,28593
2008-11-01,5.0,12.0,753,29226
2008-12-01,8.0,17.0,643,34938
2009-01-01,2.0,3.0,636,33564
2009-02-01,2.0,10.0,667,33682
2009-03-01,2.0,3.0,437,24806
2009-04-01,4.0,4.0,347,21631
2009-05-01,4.0,4.0,352,21024
2009-06-01,1.0,1.0,288,21567
2009-07-01,5.0,9.0,269,26882
2009-08-01,2.0,6.0,304,23822
2009-09-01,,5.0,216,25340
2009-10-01,,2.0,164,24653
2009-11-01,5.0,9.0,288,25311
2009-12-01,5.0,16.0,242,30766
2010-01-01,1.0,3.0,362,29323
2010-02-01,3.0,4.0,277,28729
2010-03-01,3.0,6.0,256,22246
2010-04-01,,4.0,226,19296
2010-05-01,3.0,3.0,254,18138
2010-06-01,4.0,6.0,203,19289
2010-07-01,3.0,5.0,216,25464
2010-08-01,9.0,15.0,193,23735
2010-09-01,4.0,5.0,182,24811
2010-10-01,5.0,9.0,197,24959
2010-11-01,,2.0,212,24308
2010-12-01,,11.0,287,29475
2011-01-01,7.0,14.0,288,28194
2011-02-01,2.0,4.0,289,29886
2011-03-01,4.0,4.0,245,22475
2011-04-01,4.0,8.0,170,19759
2011-05-01,1.0,2.0,189,18443
2011-06-01,6.0,7.0,183,18791
2011-07-01,8.0,10.0,238,26196
2011-08-01,2.0,2.0,222,23932
2011-09-01,1.0,4.0,174,24404
2011-10-01,2.0,8.0,180,23100
2011-11-01,5.0,6.0,166,24953
2011-12-01,1.0,6.0,293,28337
2012-01-01,,3.0,227,27613
2012-02-01,9.0,12.0,281,30174
2012-03-01,7.0,10.0,197,23868
2012-04-01,1.0,3.0,150,17897
2012-05-01,3.0,3.0,189,18366
2012-06-01,6.0,6.0,200,20665
2012-07-01,1.0,9.0,180,23961
2012-08-01,6.0,11.0,192,23150
2012-09-01,3.0,4.0,202,25043
2012-10-01,1.0,8.0,155,24534
2012-11-01,4.0,8.0,251,25898
2012-12-01,6.0,9.0,296,30569
2013-01-01,,4.0,225,29246
2013-02-01,4.0,7.0,247,28896
2013-03-01,2.0,6.0,213,24528
2013-04-01,6.0,8.0,169,21075
2013-05-01,4.0,10.0,214,20600
2013-06-01,2.0,5.0,177,21599
2013-07-01,3.0,5.0,240,27482
2013-08-01,4.0,13.0,223,25635
2013-09-01,1.0,3.0,196,26393
2013-10-01,1.0,7.0,209,27748
2013-11-01,4.0,7.0,296,28912
2013-12-01,4.0,7.0,311,34527
2014-01-01,2.0,4.0,303,32182
2014-02-01,5.0,9.0,376,35236
2014-03-01,14.0,16.0,260,28350
2014-04-01,6.0,10.0,162,24467
2014-05-01,3.0,9.0,268,23906
2014-06-01,11.0,12.0,240,25875
2014-07-01,3.0,7.0,220,33590
2014-08-01,3.0,15.0,263,32459
2014-09-01,2.0,5.0,270,32916
2014-10-01,7.0,9.0,190,32411
2014-11-01,5.0,8.0,312,32733
2014-12-01,5.0,14.0,257,36381
2015-01-01,4.0,11.0,343,38792
2015-02-01,9.0,14.0,346,36817
2015-03-01,5.0,7.0,322,32079
2015-04-01,3.0,6.0,335,26360
2015-05-01,7.0,9.0,262,26058
2015-06-01,11.0,13.0,290,27511
2015-07-01,15.0,18.0,378,37427
2015-08-01,6.0,7.0,339,34451
2015-09-01,4.0,7.0,361,35785
2015-10-01,5.0,6.0,384,36543
2015-11-01,6.0,8.0,357,35787
2015-12-01,3.0,7.0,401,39270
2016-01-01,9.0,13.0,460,40755
2016-02-01,8.0,19.0,575,42243
2016-03-01,13.0,25.0,415,32659
2016-04-01,6.0,6.0,506,27841
2016-05-01,7.0,17.0,538,27633
2016-06-01,8.0,11.0,482,28615
2016-07-01,9.0,20.0,597,37880
2016-08-01,2.0,3.0,546,32431
2016-09-01,6.0,9.0,548,35814
2016-10-01,8.0,11.0,582,35610
2016-11-01,7.0,15.0,566,35834
2016-12-01,11.0,16.0,655,39483
2017-01-01,12.0,16.0,638,41506
2017-02-01,21.0,35.0,609,41267
2017-03-01,9.0,10.0,519,31801
2017-04-01,2.0,6.0,472,26691
2017-05-01,11.0,14.0,448,27225
2017-06-01,3.0,8.0,553,29663
2017-07-01,12.0,17.0,549,37778
2017-08-01,6.0,14.0,574,32735
2017-09-01,9.0,14.0,507,33681
2017-10-01,8.0,8.0,605,34354
2017-11-01,9.0,15.0,465,34252
2017-12-01,9.0,16.0,713,38035
2018-01-01,4.0,11.0,670,41289
2018-02-01,10.0,22.0,597,37851
2018-03-01,14.0,15.0,508,32334
2018-04-01,8.0,8.0,537,25549
2018-05-01,5.0,12.0,482,27131
2018-06-01,10.0,13.0,502,27885
2018-07-01,5.0,12.0,724,37614
2018-08-01,5.0,11.0,721,34254
2018-09-01,2.0,5.0,674,34971
2018-10-01,4.0,11.0,759,34227
2018-11-01,8.0,9.0,608,33916
2018-12-01,3.0,8.0,981,38308
2019-01-01,14.0,24.0,1136,40940
2019-02-01,10.0,18.0,971,38440
2019-03-01,5.0,14.0,909,31666
2019-04-01,7.0,10.0,800,25358
2019-05-01,9.0,13.0,865,29861
2019-06-01,4.0,9.0,1077,32591
2019-07-01,8.0,12.0,1080,41719
2019-08-01,11.0,22.0,1288,40635
2019-09-01,2.0,9.0,1228,43064
2019-10-01,14.0,17.0,1204,49164
2019-11-01,10.0,17.0,1098,52882
2019-12-01,,11.0,1250,57348
2020-01-01,12.0,29.0,1683,59048
2020-02-01,4.0,13.0,1100,62397
2020-03-01,4.0,10.0,759,48105
2020-04-01,,3.0,4,3296
2020-05-01,,2.0,25,4072
2020-06-01,,,92,7242
2020-07-01,2.0,3.0,18,11072
2020-08-01,,,100,14969
2020-09-01,1.0,8.0,288,16156
2020-10-01,7.0,14.0,157,15072
2020-11-01,,6.0,172,14434
2020-12-01,,3.0,129,15174
2021-01-01,8.0,11.0,111,14902
2021-02-01,,2.0,80,14846
2021-03-01,,4.0,184,14557
2021-04-01,5.0,8.0,193,16495
2021-05-01,,3.0,117,15496
2021-06-01,3.0,10.0,138,14133
2021-07-01,,7.0,82,16758
2021-08-01,,1.0,81,8899
2021-09-01,7.0,14.0,102,8354
2021-10-01,1.0,1.0,146,11579
2021-11-01,1.0,1.0,98,12114
2021-12-01,6.0,6.0,99,15059
2022-01-01,,5.0,182,10467
2022-02-01,1.0,6.0,188,8544
2022-03-01,1.0,3.0,284,21079
2022-04-01,2.0,16.0,236,21444
2022-05-01,,2.0,320,21736
2022-06-01,3.0,4.0,608,24003
2022-07-01,4.0,7.0,668,33676
2022-08-01,13.0,17.0,427,29984
2022-09-01,4.0,8.0,504,36983
2022-10-01,7.0,29.0,823,37536
2022-11-01,15.0,27.0,1240,51713
2022-12-01,8.0,31.0,1067,53492
2023-01-01,19.0,30.0,807,54676
2023-02-01,27.0,53.0,1206,66306
2023-03-01,27.0,58.0,1217,73555
2023-04-01,24.0,47.0,940,54113
2023-05-01,26.0,48.0,913,57253
2023-06-01,26.0,57.0,802,59152
2023-07-01,6.0,35.0,717,53719
2023-08-01,6.0,32.0,872,62651
2023-09-01,35.0,54.0,854,55219
2023-10-01,6.0,25.0,711,47221
2023-11-01,21.0,43.0,708,45699
2023-12-01,13.0,32.0,688,44166
2024-01-01,11.0,31.0,675,42207
2024-02-01,24.0,32.0,630,45614
2024-03-01,15.0,25.0,637,38331
2024-04-01,27.0,41.0,497,29746
2024-05-01,12.0,24.0,440,29906
2024-06-01,15.0,21.0,426,33851
2024-07-01,15.0,21.0,377,37649
2024-08-01,32.0,46.0,411,31590
2024-09-01,18.0,23.0,265,31266
2024-10-01,12.0,15.0,351,30224
2024-11-01,35.0,40.0,304,29926
2024-12-01,22.0,35.0,354,33941
2025-01-01,14.0,23.0,371,33550
2025-02-01,37.0,45.0,423,40489
2025-03-01,24.0,34.0,259,28360
2025-04-01,8.0,11.0,205,23671
2025-05-01,8.0,12.0,257,26780
2025-06-01,7.0,13.0,271,31403
2025-07-01,29.0,32.0,285,36675
2025-08-01,20.0,36.0,211,29259
2025-09-01,14.0,22.0,263,33267
2025-10-01,7.0,11.0,188,31618
2025-11-01,20.0,22.0,226,31516
2025-12-01,19.0,26.0,274,34255
2026-01-01,5.0,9.0,283,35795
2026-02-01,15.0,22.0,292,40308
2026-03-01,7.0,11.0,228,32903
